call_id_1,customer_gender_0,customer_age_0,was_problem_solved,number_of_turns_1,greetings_happened_1,thank_you_was_said_1,cordiality_from_customer_1,cordiality_from_agent_1,total_pause_1,call_duration_1,agent_speaking_duration_1,customer_speaking_duration_1,number_of_turns_duplicate_1,agent_id_0,hiring_date_0,current_position_date_0,agent_access_level_0,agent_position_0,agent_calls_earlier_today_0,agent_total_time_today_0,agent_pauses_today_0,customer_calls_this_week_0,customer_calls_today_0,customer_nps_score_0,declared_call_reason_0,previous_calls_same_reason_0,tags,call_datetime_0,AgentSupport,Appreciation,AssistanceRequest,BankPolicyRestriction,CardActivation,CardBlocking,CardCancellation,CardIssue,CustomerFrustration,CustomerServiceIssue,DisputeIssue,Escalation,FraudActivity,IncorrectProcedure,InformationRequest,IssuResolved,IssueResolved,IssueUnresolved,LackOfAgentKnowledge,LimitIncrease,LowEffortSupport,LoyaltyRecognition,MissingCustomerInformation,NegativeExperience,NoSystemPermission,OutOfScopeRequest,PositiveExperience,ProactiveSupport,PurchaseCancellation,RequiresAdditionalValidation,ResponsibleDepartmentUnavailable,StillInAnalisis,SystemIssue,SystemOutOfService,TravelNotification,TravelUse,VerificationIssue,Cancellation
english_banking_conversation,<undefined>,<undefined>,True,12,True,True,True,True,16.724999999999987,102.783,72.004,30.779,12.0,A02,2021-11-22,2023-12-09,L3,AC1,8,8.98,2,1,1,72.0,CardActivation,0,"['CardBlocking', 'FraudActivity', 'AssistanceRequest', 'CardActivation', 'LimitIncrease', 'IssueResolved', 'PositiveExperience', 'AgentSupport']",2025-05-17 10:56:33,1,0,1,0,1,1,0,0,0,0,0,0,1,0,0,0,1,0,0,1,0,0,0,0,0,0,1,0,0,0,0,0,0,0,0,0,0,0
generated_call_0,<undefined>,<undefined>,True,15,True,True,True,True,14.140000000000011,120.55600000000004,79.90400000000001,40.65200000000001,14.0,A22,2022-05-15,2022-07-05,L3,AC4,20,20.0,2,1,1,,CardActivation,3,"['CardActivation', 'FraudActivity', 'DisputeIssue', 'LimitIncrease', 'AssistanceRequest', 'IssueResolved', 'AgentSupport', 'Appreciation']",2025-06-07 14:34:24,1,1,1,0,1,0,0,0,0,0,1,0,1,0,0,0,1,0,0,1,0,0,0,0,0,0,0,0,0,0,0,0,0,0,0,0,0,0
generated_call_1,<undefined>,<undefined>,True,12,True,True,True,True,18.29199999999998,110.65,68.96799999999999,41.682,13.0,A20,2021-03-22,2022-04-12,L3,AC4,17,20.0,1,0,0,,CardActivation,0,"['CardActivation', 'LimitIncrease', 'TravelUse', 'AssistanceRequest', 'IssueResolved', 'AgentSupport', 'Appreciation', 'PositiveExperience']",2025-05-10 14:51:02,1,1,1,0,1,0,0,0,0,0,0,0,0,0,0,0,1,0,0,1,0,0,0,0,0,0,1,0,0,0,0,0,0,0,0,1,0,0
generated_call_10,<undefined>,<undefined>,True,12,True,True,True,True,21.869000000000018,106.566,66.303,40.263,12.0,A24,2022-11-15,2023-10-17,L3,AC3,11,17.48,2,2,2,42.0,CardActivation,0,"['CardActivation', 'FraudActivity', 'DisputeIssue', 'AssistanceRequest', 'CardCancellation', 'LimitIncrease', 'IssueResolved', 'AgentSupport', 'PositiveExperience', 'Appreciation']",2025-05-14 01:35:35,1,1,1,0,1,0,1,0,0,0,1,0,1,0,0,0,1,0,0,1,0,0,0,0,0,0,1,0,0,0,0,0,0,0,0,0,0,0
generated_call_12,<undefined>,<undefined>,True,12,True,True,True,True,10.680000000000003,129.129,90.501,38.62800000000001,12.0,A06,2021-02-16,2024-07-14,L1,AC2,9,11.9,4,0,0,,CardActivation,0,"['CardActivation', 'FraudActivity', 'DisputeIssue', 'LimitIncrease', 'IssueResolved', 'AgentSupport', 'Appreciation']",2025-05-19 14:33:16,1,1,0,0,1,0,0,0,0,0,1,0,1,0,0,0,1,0,0,1,0,0,0,0,0,0,0,0,0,0,0,0,0,0,0,0,0,0
generated_call_14,<undefined>,<undefined>,True,12,True,True,True,True,26.291000000000004,104.962,43.04900000000001,52.63199999999999,15.0,A14,2023-11-04,2024-12-15,L4,AC3,20,18.99,4,0,0,,CardActivation,1,"['CardActivation', 'FraudActivity', 'DisputeIssue', 'AssistanceRequest', 'IssueResolved', 'PositiveExperience', 'Appreciation']",2025-05-31 04:06:19,0,1,1,0,1,0,0,0,0,0,1,0,1,0,0,0,1,0,0,0,0,0,0,0,0,0,1,0,0,0,0,0,0,0,0,0,0,0
generated_call_15,<undefined>,<undefined>,True,12,True,True,True,True,21.80300000000001,105.029,66.115,38.914,13.0,A11,2022-10-22,2025-01-10,L3,AC2,7,9.22,3,6,1,,CardActivation,3,"['CardActivation', 'CardBlocking', 'FraudActivity', 'DisputeIssue', 'AssistanceRequest', 'LimitIncrease', 'IssueResolved', 'AgentSupport', 'Appreciation', 'PositiveExperience']",2025-05-17 11:01:07,1,1,1,0,1,1,0,0,0,0,1,0,1,0,0,0,1,0,0,1,0,0,0,0,0,0,1,0,0,0,0,0,0,0,0,0,0,0
generated_call_16,<undefined>,<undefined>,True,12,True,True,True,True,24.822999999999965,113.687,45.293,11.205000000000002,6.0,A07,2021-10-17,2022-03-31,L4,AC3,20,20.0,4,0,0,,CardActivation,0,"['CardActivation', 'FraudActivity', 'CardBlocking', 'DisputeIssue', 'LimitIncrease', 'AssistanceRequest', 'IssueResolved', 'AgentSupport', 'PositiveExperience', 'Appreciation']",2025-05-31 20:44:17,1,1,1,0,1,1,0,0,0,0,1,0,1,0,0,0,1,0,0,1,0,0,0,0,0,0,1,0,0,0,0,0,0,0,0,0,0,0
generated_call_19,<undefined>,<undefined>,True,12,True,True,True,True,15.47600000000001,97.586,58.877,38.709,12.0,A31,2020-11-26,2022-08-09,L4,AC1,12,14.09,2,0,0,,CardActivation,4,"['CardActivation', 'FraudActivity', 'CardBlocking', 'AssistanceRequest', 'DisputeIssue', 'LimitIncrease', 'IssueResolved', 'PositiveExperience', 'AgentSupport']",2025-05-23 15:09:02,1,0,1,0,1,1,0,0,0,0,1,0,1,0,0,0,1,0,0,1,0,0,0,0,0,0,1,0,0,0,0,0,0,0,0,0,0,0
generated_call_2,<undefined>,<undefined>,True,12,True,True,True,True,25.106000000000016,89.79499999999999,55.96000000000001,33.83500000000001,12.0,A15,2022-11-20,2023-07-21,L4,AC1,14,20.0,2,0,0,,CardActivation,0,"['CardActivation', 'FraudActivity', 'DisputeIssue', 'AssistanceRequest', 'IssueResolved', 'PositiveExperience', 'Appreciation', 'AgentSupport']",2025-05-30 18:56:08,1,1,1,0,1,0,0,0,0,0,1,0,1,0,0,0,1,0,0,0,0,0,0,0,0,0,1,0,0,0,0,0,0,0,0,0,0,0
generated_call_20,<undefined>,<undefined>,True,14,True,True,True,True,28.840999999999973,99.746,60.48,39.266,15.0,A43,2022-09-03,2025-02-10,L4,AC1,20,20.0,4,2,1,,CardActivation,4,"['CardActivation', 'CardBlocking', 'FraudActivity', 'AssistanceRequest', 'IssueResolved', 'CustomerFrustration', 'PositiveExperience']",2025-05-14 12:28:50,0,0,1,0,1,1,0,0,1,0,0,0,1,0,0,0,1,0,0,0,0,0,0,0,0,0,1,0,0,0,0,0,0,0,0,0,0,0
generated_call_21,<undefined>,<undefined>,True,12,True,True,True,True,15.457000000000017,139.27000000000004,89.842,49.42799999999999,15.0,A46,2022-10-21,2022-11-16,L2,AC4,6,10.62,3,0,0,51.0,CardActivation,0,"['CardActivation', 'AssistanceRequest', 'IssueResolved', 'PositiveExperience', 'TravelNotification', 'AgentSupport', 'Appreciation']",2025-05-17 17:23:07,1,1,1,0,1,0,0,0,0,0,0,0,0,0,0,0,1,0,0,0,0,0,0,0,0,0,1,0,0,0,0,0,0,0,1,0,0,0
generated_call_22,<undefined>,<undefined>,True,12,True,True,True,True,23.591999999999977,104.287,35.690000000000005,68.59700000000001,21.0,A11,2022-10-22,2025-01-10,L3,AC2,10,13.42,5,0,0,,CardActivation,0,"['CardActivation', 'CardBlocking', 'FraudActivity', 'DisputeIssue', 'AssistanceRequest', 'IssueResolved', 'AgentSupport', 'Appreciation', 'PositiveExperience']",2025-05-22 15:33:01,1,1,1,0,1,1,0,0,0,0,1,0,1,0,0,0,1,0,0,0,0,0,0,0,0,0,1,0,0,0,0,0,0,0,0,0,0,0
generated_call_23,<undefined>,<undefined>,True,12,True,True,True,True,19.404000000000007,97.641,59.215,38.426,15.0,A06,2021-02-16,2024-07-14,L1,AC2,4,8.27,3,0,0,37.0,CardActivation,0,"['CardActivation', 'FraudActivity', 'DisputeIssue', 'AssistanceRequest', 'CardCancellation', 'LimitIncrease', 'IssueResolved', 'Appreciation', 'PositiveExperience']",2025-05-11 12:51:41,0,1,1,0,1,0,1,0,0,0,1,0,1,0,0,0,1,0,0,1,0,0,0,0,0,0,1,0,0,0,0,0,0,0,0,0,0,0
generated_call_24,<undefined>,<undefined>,True,12,True,True,True,True,30.104999999999954,101.402,41.563,48.195,21.0,A27,2022-02-12,2022-08-18,L2,AC3,20,20.0,2,0,0,,CardActivation,0,"['CardActivation', 'FraudActivity', 'DisputeIssue', 'AssistanceRequest', 'IssueResolved', 'PositiveExperience', 'AgentSupport', 'Appreciation']",2025-05-29 13:24:02,1,1,1,0,1,0,0,0,0,0,1,0,1,0,0,0,1,0,0,0,0,0,0,0,0,0,1,0,0,0,0,0,0,0,0,0,0,0
generated_call_25,<undefined>,<undefined>,True,17,True,True,True,True,16.014000000000014,151.16599999999997,101.098,50.068,17.0,A03,2021-03-05,2024-04-25,L1,AC2,5,8.74,4,0,0,55.0,CardActivation,0,"['CardActivation', 'FraudActivity', 'DisputeIssue', 'AssistanceRequest', 'LimitIncrease', 'TravelNotification', 'ProactiveSupport', 'Appreciation', 'PositiveExperience']",2025-06-02 16:33:31,0,1,1,0,1,0,0,0,0,0,1,0,1,0,0,0,0,0,0,1,0,0,0,0,0,0,1,1,0,0,0,0,0,0,1,0,0,0
generated_call_26,<undefined>,<undefined>,True,15,True,True,True,True,43.14600000000002,93.676,36.07899999999999,57.597,19.0,A30,2022-12-02,2024-10-03,L2,AC4,15,20.0,3,0,0,53.0,CardActivation,0,"['CardActivation', 'FraudActivity', 'AssistanceRequest', 'IssueResolved', 'AgentSupport', 'Appreciation']",2025-05-24 16:48:30,1,1,1,0,1,0,0,0,0,0,0,0,1,0,0,0,1,0,0,0,0,0,0,0,0,0,0,0,0,0,0,0,0,0,0,0,0,0
generated_call_28,<undefined>,<undefined>,True,12,True,True,True,True,34.89899999999999,112.774,44.14500000000001,68.62900000000002,21.0,A21,2022-08-11,2024-09-11,L2,AC1,6,8.61,2,1,1,,CardActivation,0,"['CardActivation', 'FraudActivity', 'DisputeIssue', 'LimitIncrease', 'AssistanceRequest', 'IssueResolved', 'AgentSupport', 'PositiveExperience', 'Appreciation']",2025-06-04 20:01:19,1,1,1,0,1,0,0,0,0,0,1,0,1,0,0,0,1,0,0,1,0,0,0,0,0,0,1,0,0,0,0,0,0,0,0,0,0,0
generated_call_29,<undefined>,<undefined>,True,15,True,True,True,True,23.339000000000016,99.78,52.649,11.036,5.0,A00,2022-01-06,2024-03-16,L1,AC2,5,7.51,3,0,0,,CardActivation,0,"['CardActivation', 'FraudActivity', 'DisputeIssue', 'AssistanceRequest', 'IssueResolved', 'PositiveExperience', 'Appreciation']",2025-05-18 08:24:56,0,1,1,0,1,0,0,0,0,0,1,0,1,0,0,0,1,0,0,0,0,0,0,0,0,0,1,0,0,0,0,0,0,0,0,0,0,0
generated_call_3,<undefined>,<undefined>,True,12,True,True,True,True,11.47599999999998,129.54799999999997,88.777,40.77100000000001,12.0,A06,2021-02-16,2024-07-14,L1,AC2,20,20.0,5,0,0,43.0,CardActivation,0,"['CardActivation', 'FraudActivity', 'DisputeIssue', 'AssistanceRequest', 'LimitIncrease', 'PositiveExperience', 'InformationRequest']",2025-05-26 16:58:02,0,0,1,0,1,0,0,0,0,0,1,0,1,0,1,0,0,0,0,1,0,0,0,0,0,0,1,0,0,0,0,0,0,0,0,0,0,0
generated_call_30,<undefined>,<undefined>,True,12,True,True,True,True,16.09599999999994,136.15,93.524,42.626,11.0,A00,2022-01-06,2024-03-16,L1,AC2,2,4.8,3,0,0,,CardActivation,3,"['CardActivation', 'DisputeIssue', 'AssistanceRequest', 'IssueResolved', 'PositiveExperience', 'Appreciation']",2025-05-14 02:18:26,0,1,1,0,1,0,0,0,0,0,1,0,0,0,0,0,1,0,0,0,0,0,0,0,0,0,1,0,0,0,0,0,0,0,0,0,0,0
generated_call_31,<undefined>,<undefined>,True,14,True,True,True,True,27.01500000000003,100.206,16.183999999999997,46.457,17.0,A00,2022-01-06,2024-03-16,L1,AC2,12,12.38,4,0,0,,CardActivation,3,"['CardActivation', 'FraudActivity', 'DisputeIssue', 'AssistanceRequest', 'LimitIncrease', 'IssueResolved', 'PositiveExperience', 'Appreciation']",2025-05-13 18:39:55,0,1,1,0,1,0,0,0,0,0,1,0,1,0,0,0,1,0,0,1,0,0,0,0,0,0,1,0,0,0,0,0,0,0,0,0,0,0
generated_call_33,<undefined>,<undefined>,True,16,True,True,True,True,17.315000000000005,110.193,40.51700000000001,69.676,15.0,A46,2022-10-21,2022-11-16,L2,AC4,13,15.28,3,1,1,24.0,CardActivation,0,"['CardActivation', 'LimitIncrease', 'TravelNotification', 'AssistanceRequest', 'PositiveExperience', 'AgentSupport', 'Appreciation']",2025-05-27 10:15:18,1,1,1,0,1,0,0,0,0,0,0,0,0,0,0,0,0,0,0,1,0,0,0,0,0,0,1,0,0,0,0,0,0,0,1,0,0,0
generated_call_34,<undefined>,<undefined>,True,12,True,True,True,True,20.538000000000032,120.284,46.659000000000006,73.62500000000001,19.0,A04,2022-08-14,2023-10-30,L4,AC4,20,20.0,1,1,1,,CardActivation,0,"['CardActivation', 'FraudActivity', 'DisputeIssue', 'AssistanceRequest', 'LimitIncrease', 'IssueResolved', 'PositiveExperience', 'AgentSupport', 'Appreciation']",2025-05-12 18:59:09,1,1,1,0,1,0,0,0,0,0,1,0,1,0,0,0,1,0,0,1,0,0,0,0,0,0,1,0,0,0,0,0,0,0,0,0,0,0
generated_call_36,<undefined>,<undefined>,True,14,True,True,True,True,32.13199999999998,91.426,37.478,36.467,15.0,A18,2023-03-04,2024-04-20,L2,AC2,13,19.48,1,0,0,,CardActivation,0,"['CardActivation', 'FraudActivity', 'DisputeIssue', 'LimitIncrease', 'IssueResolved', 'AgentSupport', 'PositiveExperience', 'Appreciation']",2025-05-09 09:56:45,1,1,0,0,1,0,0,0,0,0,1,0,1,0,0,0,1,0,0,1,0,0,0,0,0,0,1,0,0,0,0,0,0,0,0,0,0,0
generated_call_37,<undefined>,<undefined>,True,12,True,True,True,True,24.620999999999995,99.12300000000002,63.517,35.605999999999995,13.0,A41,2022-04-14,2024-04-28,L1,AC1,17,19.99,3,0,0,,CardActivation,0,"['CardActivation', 'FraudActivity', 'DisputeIssue', 'AssistanceRequest', 'LimitIncrease', 'IssueResolved', 'PositiveExperience', 'AgentSupport', 'Appreciation']",2025-05-25 12:54:13,1,1,1,0,1,0,0,0,0,0,1,0,1,0,0,0,1,0,0,1,0,0,0,0,0,0,1,0,0,0,0,0,0,0,0,0,0,0
generated_call_38,<undefined>,<undefined>,True,15,True,True,True,True,13.717000000000033,142.174,101.90800000000002,40.266000000000005,15.0,A03,2021-03-05,2024-04-25,L1,AC2,17,19.73,3,0,0,,CardActivation,3,"['CardActivation', 'LimitIncrease', 'TravelUse', 'InformationRequest', 'PositiveExperience', 'AgentSupport', 'Appreciation', 'IssueResolved']",2025-05-20 13:49:20,1,1,0,0,1,0,0,0,0,0,0,0,0,0,1,0,1,0,0,1,0,0,0,0,0,0,1,0,0,0,0,0,0,0,0,1,0,0
generated_call_4,<undefined>,<undefined>,True,14,True,True,True,True,20.62100000000001,107.781,66.706,41.075,14.0,A43,2022-09-03,2025-02-10,L4,AC1,16,16.37,4,2,1,83.0,CardActivation,0,"['CardActivation', 'FraudActivity', 'DisputeIssue', 'AssistanceRequest', 'LimitIncrease', 'IssueResolved', 'AgentSupport', 'PositiveExperience', 'Appreciation']",2025-05-17 15:19:19,1,1,1,0,1,0,0,0,0,0,1,0,1,0,0,0,1,0,0,1,0,0,0,0,0,0,1,0,0,0,0,0,0,0,0,0,0,0
generated_call_40,<undefined>,<undefined>,True,12,True,True,True,True,13.633,111.546,84.327,27.219,12.0,A11,2022-10-22,2025-01-10,L3,AC2,20,20.0,5,1,1,61.0,CardActivation,3,"['CardActivation', 'FraudActivity', 'CardBlocking', 'AssistanceRequest', 'LimitIncrease', 'IssueResolved', 'PositiveExperience']",2025-06-06 14:41:38,0,0,1,0,1,1,0,0,0,0,0,0,1,0,0,0,1,0,0,1,0,0,0,0,0,0,1,0,0,0,0,0,0,0,0,0,0,0
generated_call_41,<undefined>,<undefined>,True,12,True,True,True,True,21.95299999999998,108.339,68.126,40.213,11.0,A32,2022-06-09,2023-07-01,L3,AC2,12,16.51,5,1,1,47.0,CardActivation,0,"['CardActivation', 'CardBlocking', 'FraudActivity', 'DisputeIssue', 'AssistanceRequest', 'IssueResolved', 'PositiveExperience']",2025-05-11 15:01:00,0,0,1,0,1,1,0,0,0,0,1,0,1,0,0,0,1,0,0,0,0,0,0,0,0,0,1,0,0,0,0,0,0,0,0,0,0,0
generated_call_43,<undefined>,<undefined>,True,14,True,True,True,True,24.908000000000023,99.663,45.867,21.346,14.0,A11,2022-10-22,2025-01-10,L3,AC2,20,20.0,5,0,0,86.0,CardActivation,0,"['CardActivation', 'LimitIncrease', 'AssistanceRequest', 'IssueResolved', 'PositiveExperience', 'TravelNotification', 'Appreciation']",2025-06-03 15:02:32,0,1,1,0,1,0,0,0,0,0,0,0,0,0,0,0,1,0,0,1,0,0,0,0,0,0,1,0,0,0,0,0,0,0,1,0,0,0
generated_call_44,<undefined>,<undefined>,True,12,True,True,True,True,24.990999999999964,109.284,41.24400000000001,68.04,18.0,A41,2022-04-14,2024-04-28,L1,AC1,3,8.08,3,2,2,,CardActivation,1,"['CardActivation', 'FraudActivity', 'DisputeIssue', 'AssistanceRequest', 'CardIssue', 'LimitIncrease', 'IssueResolved', 'PositiveExperience', 'Appreciation']",2025-05-29 12:08:27,0,1,1,0,1,0,0,1,0,0,1,0,1,0,0,0,1,0,0,1,0,0,0,0,0,0,1,0,0,0,0,0,0,0,0,0,0,0
generated_call_45,<undefined>,<undefined>,True,12,True,True,True,True,29.56399999999997,98.5,37.394,47.589,20.0,A22,2022-05-15,2022-07-05,L3,AC4,8,10.64,3,0,0,,CardActivation,4,"['CardActivation', 'LimitIncrease', 'AssistanceRequest', 'IssueResolved', 'PositiveExperience', 'Appreciation']",2025-05-26 13:57:05,0,1,1,0,1,0,0,0,0,0,0,0,0,0,0,0,1,0,0,1,0,0,0,0,0,0,1,0,0,0,0,0,0,0,0,0,0,0
generated_call_46,<undefined>,<undefined>,True,16,True,True,True,True,14.309,112.861,38.475,74.386,23.0,A36,2022-04-03,2024-10-03,L1,AC1,19,20.0,3,0,0,9.0,CardActivation,0,"['CardActivation', 'FraudActivity', 'CardBlocking', 'AssistanceRequest', 'LimitIncrease', 'TravelNotification', 'PositiveExperience', 'IssueResolved']",2025-05-26 15:29:21,0,0,1,0,1,1,0,0,0,0,0,0,1,0,0,0,1,0,0,1,0,0,0,0,0,0,1,0,0,0,0,0,0,0,1,0,0,0
generated_call_47,<undefined>,<undefined>,True,15,True,True,True,True,31.604999999999965,127.425,80.08900000000001,47.336000000000006,15.0,A31,2020-11-26,2022-08-09,L4,AC1,9,9.02,5,0,0,,CardActivation,0,"['CardActivation', 'FraudActivity', 'DisputeIssue', 'LimitIncrease', 'AssistanceRequest', 'IssueResolved', 'PositiveExperience', 'Appreciation']",2025-05-18 09:30:29,0,1,1,0,1,0,0,0,0,0,1,0,1,0,0,0,1,0,0,1,0,0,0,0,0,0,1,0,0,0,0,0,0,0,0,0,0,0
generated_call_49,<undefined>,<undefined>,True,19,True,True,True,True,36.382000000000005,127.727,61.67700000000001,16.334,10.0,A03,2021-03-05,2024-04-25,L1,AC2,20,20.0,1,0,0,,CardActivation,3,"['CardActivation', 'FraudActivity', 'DisputeIssue', 'AssistanceRequest', 'AgentSupport', 'LowEffortSupport', 'PositiveExperience', 'TravelNotification']",2025-05-18 09:26:09,1,0,1,0,1,0,0,0,0,0,1,0,1,0,0,0,0,0,0,0,1,0,0,0,0,0,1,0,0,0,0,0,0,0,1,0,0,0
generated_call_5,<undefined>,<undefined>,True,12,True,True,True,True,24.488000000000017,108.014,57.37400000000002,50.64,15.0,A31,2020-11-26,2022-08-09,L4,AC1,10,16.19,5,3,3,,CardActivation,4,"['CardActivation', 'FraudActivity', 'DisputeIssue', 'AssistanceRequest', 'IssueResolved', 'Appreciation']",2025-06-08 14:26:31,0,1,1,0,1,0,0,0,0,0,1,0,1,0,0,0,1,0,0,0,0,0,0,0,0,0,0,0,0,0,0,0,0,0,0,0,0,0
generated_call_6,<undefined>,<undefined>,True,12,True,True,True,True,20.62100000000001,110.194,70.95899999999999,39.235,13.0,A04,2022-08-14,2023-10-30,L4,AC4,8,11.86,4,1,1,,CardActivation,1,"['CardActivation', 'FraudActivity', 'DisputeIssue', 'LimitIncrease', 'AssistanceRequest', 'IssueResolved', 'PositiveExperience', 'AgentSupport', 'Appreciation']",2025-05-22 14:47:31,1,1,1,0,1,0,0,0,0,0,1,0,1,0,0,0,1,0,0,1,0,0,0,0,0,0,1,0,0,0,0,0,0,0,0,0,0,0
generated_call_7,<undefined>,<undefined>,True,12,True,True,True,True,27.43799999999998,111.781,74.064,37.717,13.0,A00,2022-01-06,2024-03-16,L1,AC2,20,20.0,2,0,0,,CardActivation,0,"['CardActivation', 'CardBlocking', 'FraudActivity', 'AssistanceRequest', 'IssueResolved', 'Appreciation']",2025-06-01 21:44:10,0,1,1,0,1,1,0,0,0,0,0,0,1,0,0,0,1,0,0,0,0,0,0,0,0,0,0,0,0,0,0,0,0,0,0,0,0,0
generated_call_8,<undefined>,<undefined>,True,12,True,True,True,True,23.06600000000001,97.202,61.459,35.742999999999995,11.0,A25,2022-05-02,2024-05-03,L4,AC4,5,9.39,4,1,1,36.0,CardActivation,3,"['CardActivation', 'FraudActivity', 'DisputeIssue', 'CardIssue', 'AssistanceRequest', 'LimitIncrease', 'IssueResolved', 'AgentSupport', 'Appreciation', 'PositiveExperience']",2025-05-15 15:43:30,1,1,1,0,1,0,0,1,0,0,1,0,1,0,0,0,1,0,0,1,0,0,0,0,0,0,1,0,0,0,0,0,0,0,0,0,0,0
llamadas,<undefined>,<undefined>,False,20,True,True,False,True,9.687000000000005,178.52000000000004,128.166,50.354,13.0,A01,2022-07-16,2024-03-15,L1,AC4,13,13.63,2,4,0,,CardActivation,5,"['CardActivation', 'IssueUnresolved', 'CustomerFrustration', 'AgentSupport', 'SystemOutOfService']",2025-06-06 02:52:41,1,0,0,0,1,0,0,0,1,0,0,0,0,0,0,0,0,1,0,0,0,0,0,0,0,0,0,0,0,0,0,0,0,1,0,0,0,0
solved_20250406_0,<undefined>,<undefined>,True,12,True,True,True,True,7.392999999999995,80.542,48.245000000000005,32.297,8.0,A16,2023-04-04,2024-04-17,L4,AC4,18,20.0,5,2,1,,,2,"['PurchaseCancellation', 'IssueResolved', 'AgentSupport', 'Appreciation', 'LowEffortSupport']",2025-05-27 15:53:41,1,1,0,0,0,0,0,0,0,0,0,0,0,0,0,0,1,0,0,0,1,0,0,0,0,0,0,0,1,0,0,0,0,0,0,0,0,0
solved_20250406_10,<undefined>,<undefined>,True,12,True,True,True,True,14.630999999999986,73.01799999999999,42.035,8.285,6.0,A40,2021-10-26,2022-07-16,L4,AC4,12,13.75,4,1,1,69.0,CardBlocking,2,"['CardBlocking', 'FraudActivity', 'AssistanceRequest', 'IssueResolved', 'PositiveExperience', 'AgentSupport', 'Appreciation']",2025-05-14 15:08:07,1,1,1,0,0,1,0,0,0,0,0,0,1,0,0,0,1,0,0,0,0,0,0,0,0,0,1,0,0,0,0,0,0,0,0,0,0,0
solved_20250406_11,<undefined>,<undefined>,True,12,True,True,True,True,17.754000000000026,67.17800000000001,40.921,26.257,8.0,A12,2022-03-24,2024-07-29,L1,AC3,20,20.0,3,2,2,,CardActivation,0,"['CardActivation', 'IssueResolved', 'AgentSupport', 'Appreciation', 'PositiveExperience']",2025-06-04 13:58:18,1,1,0,0,1,0,0,0,0,0,0,0,0,0,0,0,1,0,0,0,0,0,0,0,0,0,1,0,0,0,0,0,0,0,0,0,0,0
solved_20250406_12,<undefined>,<undefined>,True,12,True,True,True,True,25.362000000000016,71.58500000000001,28.923,39.389,14.0,A11,2022-10-22,2025-01-10,L3,AC2,2,3.0,4,5,1,67.0,FraudActivity,0,"['FraudActivity', 'DisputeIssue', 'AssistanceRequest', 'IssueResolved', 'AgentSupport', 'Appreciation', 'PositiveExperience']",2025-05-31 12:23:08,1,1,1,0,0,0,0,0,0,0,1,0,1,0,0,0,1,0,0,0,0,0,0,0,0,0,1,0,0,0,0,0,0,0,0,0,0,0
solved_20250406_13,<undefined>,<undefined>,True,14,True,True,True,True,22.394000000000005,81.742,16.959,32.602,15.0,A40,2021-10-26,2022-07-16,L4,AC4,20,19.87,3,1,1,,FraudActivity,0,"['FraudActivity', 'DisputeIssue', 'AssistanceRequest', 'IssueResolved', 'AgentSupport', 'Appreciation', 'PositiveExperience']",2025-06-04 12:11:44,1,1,1,0,0,0,0,0,0,0,1,0,1,0,0,0,1,0,0,0,0,0,0,0,0,0,1,0,0,0,0,0,0,0,0,0,0,0
solved_20250406_14,<undefined>,<undefined>,True,12,True,True,False,True,13.02399999999998,88.918,51.708,37.21,10.0,A06,2021-02-16,2024-07-14,L1,AC2,16,17.95,3,0,0,,FraudActivity,1,"['FraudActivity', 'AssistanceRequest', 'IssueResolved', 'CustomerFrustration', 'AgentSupport', 'Appreciation', 'LowEffortSupport']",2025-06-06 18:46:50,1,1,1,0,0,0,0,0,1,0,0,0,1,0,0,0,1,0,0,0,1,0,0,0,0,0,0,0,0,0,0,0,0,0,0,0,0,0
solved_20250406_15,<undefined>,<undefined>,True,12,True,True,True,True,17.700999999999997,60.092,8.641,28.973,13.0,A09,2021-12-24,2023-07-12,L1,AC1,8,8.92,1,0,0,,LimitIncrease,0,"['LimitIncrease', 'IssueResolved', 'AgentSupport', 'Appreciation', 'PositiveExperience']",2025-05-09 11:16:29,1,1,0,0,0,0,0,0,0,0,0,0,0,0,0,0,1,0,0,1,0,0,0,0,0,0,1,0,0,0,0,0,0,0,0,0,0,0
solved_20250406_16,<undefined>,<undefined>,True,12,True,True,True,True,14.949999999999989,58.996,9.803999999999998,25.651,11.0,A34,2021-10-01,2023-02-21,L4,AC4,12,11.9,3,2,2,,,0,"['PurchaseCancellation', 'IssueResolved', 'AgentSupport', 'PositiveExperience', 'Appreciation']",2025-06-04 09:11:03,1,1,0,0,0,0,0,0,0,0,0,0,0,0,0,0,1,0,0,0,0,0,0,0,0,0,1,0,1,0,0,0,0,0,0,0,0,0
solved_20250406_17,<undefined>,<undefined>,True,17,True,True,True,True,18.445000000000004,74.199,29.886,8.353,5.0,A26,2023-05-16,2025-01-29,L3,AC3,11,14.14,4,0,0,,LimitIncrease,0,"['LimitIncrease', 'IssueResolved', 'AgentSupport', 'Appreciation', 'PositiveExperience']",2025-05-28 17:39:10,1,1,0,0,0,0,0,0,0,0,0,0,0,0,0,0,1,0,0,1,0,0,0,0,0,0,1,0,0,0,0,0,0,0,0,0,0,0
solved_20250406_18,<undefined>,<undefined>,False,12,True,True,False,True,20.624000000000017,128.905,82.46600000000001,46.43900000000001,10.0,A01,2022-07-16,2024-03-15,L1,AC4,14,20.0,0,2,0,-20.0,FraudActivity,10,"['FraudActivity', 'DisputeIssue', 'AssistanceRequest', 'AgentSupport', 'CustomerFrustration', 'IssueUnresolved', 'Appreciation', 'StillInAnalisis']",2025-05-21 23:56:32,1,1,1,0,0,0,0,0,1,0,1,0,1,0,0,0,0,1,0,0,0,0,0,0,0,0,0,0,0,0,0,1,0,0,0,0,0,0
solved_20250406_19,<undefined>,<undefined>,True,12,True,True,True,True,17.787000000000006,73.25400000000002,11.44,37.312,15.0,A24,2022-11-15,2023-10-17,L3,AC3,6,7.22,2,0,0,61.0,CardActivation,1,"['CardActivation', 'IssueResolved', 'PositiveExperience', 'AgentSupport', 'Appreciation']",2025-05-23 11:22:47,1,1,0,0,1,0,0,0,0,0,0,0,0,0,0,0,1,0,0,0,0,0,0,0,0,0,1,0,0,0,0,0,0,0,0,0,0,0
solved_20250406_21,<undefined>,<undefined>,True,12,True,True,False,True,15.89500000000001,75.045,9.805,28.924,11.0,A21,2022-08-11,2024-09-11,L2,AC1,15,13.98,5,0,0,,CardActivation,3,"['CardActivation', 'IssueResolved', 'CustomerFrustration', 'AgentSupport', 'PositiveExperience', 'Appreciation']",2025-06-02 09:26:51,1,1,0,0,1,0,0,0,1,0,0,0,0,0,0,0,1,0,0,0,0,0,0,0,0,0,1,0,0,0,0,0,0,0,0,0,0,0
solved_20250406_22,<undefined>,<undefined>,True,12,True,True,True,True,21.632999999999992,66.303,31.202,9.855,11.0,A45,2023-01-06,2023-11-10,L4,AC4,20,20.0,4,0,0,,,0,"['PurchaseCancellation', 'IssueResolved', 'AgentSupport', 'Appreciation', 'PositiveExperience']",2025-05-11 20:17:15,1,1,0,0,0,0,0,0,0,0,0,0,0,0,0,0,1,0,0,0,0,0,0,0,0,0,1,0,1,0,0,0,0,0,0,0,0,0
solved_20250406_24,<undefined>,<undefined>,True,12,True,True,True,True,17.60000000000002,83.09299999999999,29.262,47.418,14.0,A24,2022-11-15,2023-10-17,L3,AC3,6,9.97,3,0,0,,LimitIncrease,1,"['LimitIncrease', 'IssueResolved', 'AgentSupport', 'PositiveExperience', 'Appreciation']",2025-06-05 03:36:02,1,1,0,0,0,0,0,0,0,0,0,0,0,0,0,0,1,0,0,1,0,0,0,0,0,0,1,0,0,0,0,0,0,0,0,0,0,0
solved_20250406_25,<undefined>,<undefined>,True,12,True,True,True,True,22.967000000000017,78.046,46.44,5.4670000000000005,5.0,A34,2021-10-01,2023-02-21,L4,AC4,20,20.0,1,3,1,40.0,CardActivation,0,"['CardActivation', 'IssueResolved', 'AgentSupport', 'Appreciation', 'PositiveExperience']",2025-05-12 01:20:44,1,1,0,0,1,0,0,0,0,0,0,0,0,0,0,0,1,0,0,0,0,0,0,0,0,0,1,0,0,0,0,0,0,0,0,0,0,0
solved_20250406_26,<undefined>,<undefined>,True,12,True,True,False,True,18.745999999999984,75.33200000000001,30.257,40.974,13.0,A18,2023-03-04,2024-04-20,L2,AC2,10,12.35,5,2,2,,,1,"['PurchaseCancellation', 'IssueResolved', 'CustomerFrustration', 'AgentSupport', 'Appreciation']",2025-05-24 15:20:07,1,1,0,0,0,0,0,0,1,0,0,0,0,0,0,0,1,0,0,0,0,0,0,0,0,0,0,0,1,0,0,0,0,0,0,0,0,0
solved_20250406_27,<undefined>,<undefined>,True,12,True,True,False,True,18.579,87.73300000000002,41.512,42.154,10.0,A22,2022-05-15,2022-07-05,L3,AC4,6,9.37,2,2,2,77.0,CardActivation,0,"['CardActivation', 'IssueResolved', 'CustomerFrustration', 'AgentSupport', 'Appreciation']",2025-06-07 18:37:40,1,1,0,0,1,0,0,0,1,0,0,0,0,0,0,0,1,0,0,0,0,0,0,0,0,0,0,0,0,0,0,0,0,0,0,0,0,0
solved_20250406_29,<undefined>,<undefined>,True,12,True,True,True,True,6.225999999999991,67.467,44.062,23.405,10.0,A24,2022-11-15,2023-10-17,L3,AC3,5,6.4,3,1,1,45.0,,0,"['PurchaseCancellation', 'IssueResolved', 'AgentSupport', 'Appreciation', 'LowEffortSupport']",2025-06-08 11:33:08,1,1,0,0,0,0,0,0,0,0,0,0,0,0,0,0,1,0,0,0,1,0,0,0,0,0,0,0,1,0,0,0,0,0,0,0,0,0
solved_20250406_3,<undefined>,<undefined>,True,12,True,True,False,True,40.298,123.153,44.702000000000005,74.841,21.0,A16,2023-04-04,2024-04-17,L4,AC4,8,14.52,3,0,0,,CardActivation,2,"['CardActivation', 'IssueResolved', 'CustomerFrustration', 'AgentSupport', 'Appreciation']",2025-05-19 09:56:19,1,1,0,0,1,0,0,0,1,0,0,0,0,0,0,0,1,0,0,0,0,0,0,0,0,0,0,0,0,0,0,0,0,0,0,0,0,0
solved_20250406_30,<undefined>,<undefined>,True,13,True,True,True,True,11.727999999999987,66.217,40.668000000000006,7.138,4.0,A00,2022-01-06,2024-03-16,L1,AC2,10,16.02,4,1,1,,FraudActivity,0,"['FraudActivity', 'DisputeIssue', 'AssistanceRequest', 'IssueResolved', 'AgentSupport', 'Appreciation', 'PositiveExperience']",2025-06-02 17:25:01,1,1,1,0,0,0,0,0,0,0,1,0,1,0,0,0,1,0,0,0,0,0,0,0,0,0,1,0,0,0,0,0,0,0,0,0,0,0
solved_20250406_31,<undefined>,<undefined>,True,12,True,True,True,True,16.031,92.914,11.526,47.217,13.0,A03,2021-03-05,2024-04-25,L1,AC2,6,7.3,1,1,1,55.0,InformationRequest,0,"['TravelUse', 'AssistanceRequest', 'IssueResolved', 'AgentSupport', 'Appreciation', 'InformationRequest', 'LowEffortSupport']",2025-05-12 14:58:42,1,1,1,0,0,0,0,0,0,0,0,0,0,0,1,0,1,0,0,0,1,0,0,0,0,0,0,0,0,0,0,0,0,0,0,1,0,0
solved_20250406_32,<undefined>,<undefined>,True,12,True,True,True,True,24.12900000000001,87.80300000000001,33.329,13.434,8.0,A40,2021-10-26,2022-07-16,L4,AC4,19,16.63,3,1,1,70.0,FraudActivity,2,"['TravelUse', 'AssistanceRequest', 'PositiveExperience', 'FraudActivity', 'IssueResolved', 'AgentSupport']",2025-06-06 12:28:02,1,0,1,0,0,0,0,0,0,0,0,0,1,0,0,0,1,0,0,0,0,0,0,0,0,0,1,0,0,0,0,0,0,0,0,1,0,0
solved_20250406_33,<undefined>,<undefined>,True,12,True,True,True,True,16.790999999999993,66.926,22.393999999999995,7.121,4.0,A36,2022-04-03,2024-10-03,L1,AC1,15,20.0,4,0,0,,CardBlocking,0,"['FraudActivity', 'DisputeIssue', 'CardBlocking', 'AssistanceRequest', 'IssueResolved', 'Appreciation', 'PositiveExperience']",2025-05-27 13:53:28,0,1,1,0,0,1,0,0,0,0,1,0,1,0,0,0,1,0,0,0,0,0,0,0,0,0,1,0,0,0,0,0,0,0,0,0,0,0
solved_20250406_35,<undefined>,<undefined>,True,12,True,True,True,True,26.309,74.924,28.789,39.40299999999999,14.0,A15,2022-11-20,2023-07-21,L4,AC1,2,4.55,1,1,1,,,0,"['CardCancellation', 'IssueResolved', 'AgentSupport', 'Appreciation', 'LowEffortSupport']",2025-05-20 14:31:25,1,1,0,0,0,0,1,0,0,0,0,0,0,0,0,0,1,0,0,0,1,0,0,0,0,0,0,0,0,0,0,0,0,0,0,0,0,0
solved_20250406_36,<undefined>,<undefined>,True,12,True,True,True,True,15.673999999999996,74.75899999999999,34.273,9.367,8.0,A30,2022-12-02,2024-10-03,L2,AC4,13,18.05,4,0,0,55.0,FraudActivity,2,"['FraudActivity', 'AssistanceRequest', 'IssueResolved', 'AgentSupport', 'PositiveExperience']",2025-05-26 18:43:41,1,0,1,0,0,0,0,0,0,0,0,0,1,0,0,0,1,0,0,0,0,0,0,0,0,0,1,0,0,0,0,0,0,0,0,0,0,0
solved_20250406_37,<undefined>,<undefined>,True,12,True,True,True,True,15.342000000000006,58.21600000000001,29.766,6.952,5.0,A31,2020-11-26,2022-08-09,L4,AC1,5,10.15,1,10,3,,CardActivation,1,"['CardActivation', 'IssueResolved', 'AgentSupport', 'PositiveExperience', 'Appreciation']",2025-05-23 17:31:11,1,1,0,0,1,0,0,0,0,0,0,0,0,0,0,0,1,0,0,0,0,0,0,0,0,0,1,0,0,0,0,0,0,0,0,0,0,0
solved_20250406_38,<undefined>,<undefined>,True,13,True,True,True,True,16.557,66.654,25.008,7.137,4.0,A25,2022-05-02,2024-05-03,L4,AC4,15,19.71,4,2,2,,LimitIncrease,4,"['LimitIncrease', 'IssueResolved', 'AgentSupport', 'PositiveExperience', 'LoyaltyRecognition', 'LowEffortSupport']",2025-05-31 21:31:17,1,0,0,0,0,0,0,0,0,0,0,0,0,0,0,0,1,0,0,1,1,1,0,0,0,0,1,0,0,0,0,0,0,0,0,0,0,0
solved_20250406_40,<undefined>,<undefined>,True,12,True,True,True,True,15.220999999999972,61.544,9.822,27.287,11.0,A12,2022-03-24,2024-07-29,L1,AC3,17,20.0,4,0,0,,CardActivation,0,"['CardActivation', 'IssueResolved', 'AgentSupport', 'PositiveExperience', 'Appreciation']",2025-05-17 09:02:35,1,1,0,0,1,0,0,0,0,0,0,0,0,0,0,0,1,0,0,0,0,0,0,0,0,0,1,0,0,0,0,0,0,0,0,0,0,0
solved_20250406_41,<undefined>,<undefined>,True,12,True,True,True,True,19.221,65.154,23.187,37.04,11.0,A40,2021-10-26,2022-07-16,L4,AC4,17,20.0,5,1,1,,CardActivation,2,"['CardActivation', 'IssueResolved', 'AgentSupport', 'Appreciation', 'PositiveExperience']",2025-05-09 12:02:22,1,1,0,0,1,0,0,0,0,0,0,0,0,0,0,0,1,0,0,0,0,0,0,0,0,0,1,0,0,0,0,0,0,0,0,0,0,0
solved_20250406_42,<undefined>,<undefined>,True,12,True,True,True,True,5.618999999999998,66.809,43.926,22.883,7.0,A20,2021-03-22,2022-04-12,L3,AC4,10,15.56,2,1,1,,,2,"['PurchaseCancellation', 'IssueResolved', 'AgentSupport', 'Appreciation', 'LowEffortSupport']",2025-05-31 17:42:04,1,1,0,0,0,0,0,0,0,0,0,0,0,0,0,0,1,0,0,0,1,0,0,0,0,0,0,0,1,0,0,0,0,0,0,0,0,0
solved_20250406_43,<undefined>,<undefined>,True,12,True,True,False,True,17.396,80.96799999999999,12.572,33.852000000000004,12.0,A00,2022-01-06,2024-03-16,L1,AC2,17,20.0,4,0,0,,FraudActivity,0,"['FraudActivity', 'IssueResolved', 'AgentSupport', 'CustomerFrustration', 'PositiveExperience']",2025-05-29 21:36:44,1,0,0,0,0,0,0,0,1,0,0,0,1,0,0,0,1,0,0,0,0,0,0,0,0,0,1,0,0,0,0,0,0,0,0,0,0,0
solved_20250406_44,<undefined>,<undefined>,True,12,True,True,True,True,12.622000000000003,87.36200000000001,10.648,45.056,9.0,A35,2023-06-06,2024-11-13,L4,AC4,11,18.3,3,2,2,,TravelNotification,0,"['TravelNotification', 'AssistanceRequest', 'IssueResolved', 'PositiveExperience', 'AgentSupport', 'Appreciation']",2025-05-11 00:55:12,1,1,1,0,0,0,0,0,0,0,0,0,0,0,0,0,1,0,0,0,0,0,0,0,0,0,1,0,0,0,0,0,0,0,1,0,0,0
solved_20250406_45,<undefined>,<undefined>,True,12,True,True,False,True,12.925999999999998,87.00800000000001,36.821,11.509,6.0,A00,2022-01-06,2024-03-16,L1,AC2,20,20.0,3,2,2,,CardActivation,0,"['CardActivation', 'IssueResolved', 'CustomerFrustration', 'AgentSupport', 'Appreciation', 'InformationRequest']",2025-05-11 19:23:54,1,1,0,0,1,0,0,0,1,0,0,0,0,0,1,0,1,0,0,0,0,0,0,0,0,0,0,0,0,0,0,0,0,0,0,0,0,0
solved_20250406_46,<undefined>,<undefined>,True,12,True,True,True,True,14.901999999999996,62.706,11.491,30.476,9.0,A25,2022-05-02,2024-05-03,L4,AC4,16,20.0,2,0,0,,TravelNotification,0,"['TravelNotification', 'AssistanceRequest', 'IssueResolved', 'PositiveExperience', 'AgentSupport', 'Appreciation']",2025-05-31 16:10:51,1,1,1,0,0,0,0,0,0,0,0,0,0,0,0,0,1,0,0,0,0,0,0,0,0,0,1,0,0,0,0,0,0,0,1,0,0,0
solved_20250406_48,<undefined>,<undefined>,True,12,True,True,True,True,16.284,62.65800000000001,21.887,36.687000000000005,10.0,A43,2022-09-03,2025-02-10,L4,AC1,16,16.37,2,0,0,46.0,LimitIncrease,0,"['LimitIncrease', 'IssueResolved', 'AgentSupport', 'PositiveExperience', 'Appreciation']",2025-05-29 18:12:10,1,1,0,0,0,0,0,0,0,0,0,0,0,0,0,0,1,0,0,1,0,0,0,0,0,0,1,0,0,0,0,0,0,0,0,0,0,0
solved_20250406_6,<undefined>,<undefined>,True,14,True,True,True,True,18.966000000000005,70.538,23.895,42.424,11.0,A27,2022-02-12,2022-08-18,L2,AC3,20,20.0,3,0,0,,CardActivation,2,"['CardActivation', 'AssistanceRequest', 'IssueResolved', 'PositiveExperience', 'Appreciation', 'AgentSupport']",2025-05-24 10:18:20,1,1,1,0,1,0,0,0,0,0,0,0,0,0,0,0,1,0,0,0,0,0,0,0,0,0,1,0,0,0,0,0,0,0,0,0,0,0
solved_20250406_7,<undefined>,<undefined>,True,12,True,True,False,True,24.822999999999983,70.45299999999999,27.726,11.594,11.0,A23,2023-08-06,2025-01-22,L1,AC2,16,20.0,4,0,0,,,0,"['PurchaseCancellation', 'IssueResolved', 'CustomerFrustration', 'AgentSupport', 'Appreciation', 'LowEffortSupport']",2025-06-01 09:28:01,1,1,0,0,0,0,0,0,1,0,0,0,0,0,0,0,1,0,0,0,1,0,0,0,0,0,0,0,1,0,0,0,0,0,0,0,0,0
solved_20250406_9,<undefined>,<undefined>,True,12,True,True,True,True,14.833000000000006,69.92999999999999,46.709,23.221,6.0,A19,2023-08-02,2023-09-01,L3,AC2,20,20.0,1,0,0,65.0,FraudActivity,0,"['FraudActivity', 'DisputeIssue', 'AssistanceRequest', 'IssueResolved', 'AgentSupport', 'Appreciation', 'PositiveExperience']",2025-06-03 16:37:06,1,1,1,0,0,0,0,0,0,0,1,0,1,0,0,0,1,0,0,0,0,0,0,0,0,0,1,0,0,0,0,0,0,0,0,0,0,0
unsolved_20250406_1,<undefined>,<undefined>,False,19,True,True,False,True,27.97900000000001,133.954,54.693000000000005,11.373,8.0,A07,2021-10-17,2022-03-31,L4,AC3,10,14.22,1,2,0,,CardActivation,10,"['CardActivation', 'IssueUnresolved', 'CustomerFrustration', 'AgentSupport', 'Appreciation', 'SystemOutOfService']",2025-05-19 10:28:06,1,1,0,0,1,0,0,0,1,0,0,0,0,0,0,0,0,1,0,0,0,0,0,0,0,0,0,0,0,0,0,0,0,1,0,0,0,0
unsolved_20250406_14,<undefined>,<undefined>,False,15,True,True,True,True,32.164999999999964,113.061,32.534,75.02699999999999,21.0,A45,2023-01-06,2023-11-10,L4,AC4,8,11.22,2,0,0,,,9,"['TravelUse', 'AssistanceRequest', 'CustomerFrustration', 'IssueUnresolved', 'AgentSupport', 'Appreciation', 'SystemOutOfService']",2025-05-18 20:23:54,1,1,1,0,0,0,0,0,1,0,0,0,0,0,0,0,0,1,0,0,0,0,0,0,0,0,0,0,0,0,0,0,0,1,0,1,0,0
unsolved_20250406_2,<undefined>,<undefined>,False,12,True,True,False,True,32.588999999999984,130.356,73.809,14.107,10.0,A08,2022-10-23,2022-11-22,L2,AC3,14,14.69,0,0,0,,FraudActivity,11,"['FraudActivity', 'DisputeIssue', 'AssistanceRequest', 'CustomerFrustration', 'AgentSupport', 'IssueUnresolved', 'MissingCustomerInformation']",2025-06-02 18:58:31,1,0,1,0,0,0,0,0,1,0,1,0,1,0,0,0,0,1,0,0,0,0,1,0,0,0,0,0,0,0,0,0,0,0,0,0,0,0
unsolved_20250406_23,<undefined>,<undefined>,False,12,True,True,True,True,32.20100000000002,100.184,33.985,60.091,16.0,A40,2021-10-26,2022-07-16,L4,AC4,13,14.05,0,2,0,,CardActivation,6,"['CardActivation', 'FraudActivity', 'CustomerServiceIssue', 'AssistanceRequest', 'IssueUnresolved', 'AgentSupport', 'Appreciation', 'SystemOutOfService']",2025-05-09 05:18:44,1,1,1,0,1,0,0,0,0,1,0,0,1,0,0,0,0,1,0,0,0,0,0,0,0,0,0,0,0,0,0,0,0,1,0,0,0,0
unsolved_20250406_28,<undefined>,<undefined>,False,16,True,True,True,True,28.315,88.646,53.86600000000001,4.117,6.0,A42,2022-07-09,2023-01-10,L4,AC3,0,0.61,2,1,1,,,7,"['PurchaseCancellation', 'CustomerFrustration', 'IssueUnresolved', 'AgentSupport', 'Appreciation', 'OutOfScopeRequest']",2025-05-03 22:13:29,1,1,0,0,0,0,0,0,1,0,0,0,0,0,0,0,0,1,0,0,0,0,0,0,0,1,0,0,1,0,0,0,0,0,0,0,0,0
unsolved_20250406_39,<undefined>,<undefined>,False,12,True,True,True,True,36.19599999999997,125.855,47.571,71.81999999999998,19.0,A14,2023-11-04,2024-12-15,L4,AC3,7,7.88,0,0,0,,FraudActivity,9,"['FraudActivity', 'DisputeIssue', 'AssistanceRequest', 'CustomerFrustration', 'IssueUnresolved', 'AgentSupport', 'Appreciation', 'MissingCustomerInformation']",2025-05-11 13:36:41,1,1,1,0,0,0,0,0,1,0,1,0,1,0,0,0,0,1,0,0,0,0,1,0,0,0,0,0,0,0,0,0,0,0,0,0,0,0
unsolved_20250406_4,<undefined>,<undefined>,False,14,True,True,False,True,68.44600000000003,136.83800000000002,52.498000000000005,19.17,18.0,A22,2022-05-15,2022-07-05,L3,AC4,8,8.13,0,0,0,-21.0,FraudActivity,11,"['FraudActivity', 'DisputeIssue', 'AssistanceRequest', 'CustomerFrustration', 'IssueUnresolved', 'AgentSupport', 'MissingCustomerInformation']",2025-06-05 09:31:19,1,0,1,0,0,0,0,0,1,0,1,0,1,0,0,0,0,1,0,0,0,0,1,0,0,0,0,0,0,0,0,0,0,0,0,0,0,0
unsolved_20250406_47,<undefined>,<undefined>,False,15,True,True,True,True,38.66100000000006,141.648,47.367,86.738,22.0,A12,2022-03-24,2024-07-29,L1,AC3,0,0.0,3,0,0,-37.0,CardBlocking,13,"['FraudActivity', 'CardBlocking', 'DisputeIssue', 'AssistanceRequest', 'AgentSupport', 'CustomerFrustration', 'PositiveExperience', 'IssueUnresolved', 'RequiresAdditionalValidation']",2025-06-01 18:39:01,1,0,1,0,0,1,0,0,1,0,1,0,1,0,0,0,0,1,0,0,0,0,0,0,0,0,1,0,0,1,0,0,0,0,0,0,0,0
unsolved_20250406_49,<undefined>,<undefined>,False,12,True,True,True,True,39.36999999999999,94.499,25.413000000000004,12.521999999999998,12.0,A08,2022-10-23,2022-11-22,L2,AC3,9,11.22,0,1,0,,InformationRequest,11,"['PurchaseCancellation', 'IssueUnresolved', 'AgentSupport', 'CustomerFrustration', 'AssistanceRequest', 'InformationRequest', 'Appreciation', 'OutOfScopeRequest']",2025-05-16 17:22:55,1,1,1,0,0,0,0,0,1,0,0,0,0,0,1,0,0,1,0,0,0,0,0,0,0,1,0,0,1,0,0,0,0,0,0,0,0,0
unsolved_20250406_5,<undefined>,<undefined>,False,12,True,True,True,True,24.197999999999983,106.009,16.183,50.457,17.0,A37,2024-01-13,2024-10-26,L4,AC4,8,11.2,1,0,0,,InformationRequest,9,"['PurchaseCancellation', 'AssistanceRequest', 'CustomerFrustration', 'AgentSupport', 'IssueUnresolved', 'Appreciation', 'InformationRequest', 'OutOfScopeRequest']",2025-05-17 13:21:52,1,1,1,0,0,0,0,0,1,0,0,0,0,0,1,0,0,1,0,0,0,0,0,0,0,1,0,0,1,0,0,0,0,0,0,0,0,0
unsolved_20250406_6,<undefined>,<undefined>,False,23,True,True,False,True,22.63199999999996,128.18,65.84599999999999,62.334,13.0,A22,2022-05-15,2022-07-05,L3,AC4,10,10.3,0,1,1,-50.0,CardActivation,11,"['CardActivation', 'VerificationIssue', 'Escalation', 'CustomerFrustration', 'CustomerServiceIssue', 'IssueUnresolved', 'AgentSupport', 'SystemOutOfService']",2025-05-17 18:35:48,1,0,0,0,1,0,0,0,1,1,0,1,0,0,0,0,0,1,0,0,0,0,0,0,0,0,0,0,0,0,0,0,0,1,0,0,1,0
unsolved_20250406_8,<undefined>,<undefined>,False,14,True,True,False,True,37.361,132.284,46.59200000000001,22.038,12.0,A16,2023-04-04,2024-04-17,L4,AC4,16,20.0,0,3,1,,LimitIncrease,9,"['LimitIncrease', 'CustomerFrustration', 'IssueUnresolved', 'AgentSupport', 'Appreciation', 'AssistanceRequest', 'MissingCustomerInformation']",2025-05-13 01:00:14,1,1,1,0,0,0,0,0,1,0,0,0,0,0,0,0,0,1,0,1,0,0,1,0,0,0,0,0,0,0,0,0,0,0,0,0,0,0
unsolved_20250406_9,<undefined>,<undefined>,False,15,True,True,True,True,33.242999999999995,98.028,31.034,58.017,18.0,A35,2023-06-06,2024-11-13,L4,AC4,17,18.24,0,0,0,,CardActivation,10,"['CardActivation', 'IssueUnresolved', 'CustomerFrustration', 'AgentSupport', 'Appreciation', 'NoSystemPermission']",2025-06-02 15:30:29,1,1,0,0,1,0,0,0,1,0,0,0,0,0,0,0,0,1,0,0,0,0,0,0,1,0,0,0,0,0,0,0,0,0,0,0,0,0
unsolved_20250412_0,<undefined>,<undefined>,False,14,True,True,True,True,24.890000000000025,103.259,32.906000000000006,66.472,18.0,A22,2022-05-15,2022-07-05,L3,AC4,7,8.0,1,2,0,16.0,CardActivation,9,"['CardActivation', 'SystemIssue', 'IssueUnresolved', 'CustomerFrustration', 'AgentSupport', 'Appreciation', 'IncorrectProcedure']",2025-05-15 00:09:19,1,1,0,0,1,0,0,0,1,0,0,0,0,1,0,0,0,1,0,0,0,0,0,0,0,0,0,0,0,0,0,0,1,0,0,0,0,0
unsolved_20250412_1,<undefined>,<undefined>,False,12,True,True,True,True,28.804999999999986,110.667,36.315,63.485,17.0,A26,2023-05-16,2025-01-29,L3,AC3,3,4.75,1,6,1,,LimitIncrease,6,"['LimitIncrease', 'IssueUnresolved', 'CustomerFrustration', 'AgentSupport', 'PositiveExperience', 'AssistanceRequest', 'RequiresAdditionalValidation']",2025-05-25 14:51:34,1,0,1,0,0,0,0,0,1,0,0,0,0,0,0,0,0,1,0,1,0,0,0,0,0,0,1,0,0,1,0,0,0,0,0,0,0,0
unsolved_20250412_12,<undefined>,<undefined>,False,15,True,True,True,True,30.598000000000013,89.232,33.935,49.661,19.0,A05,2022-08-14,2024-11-30,L1,AC4,1,0.55,0,0,0,,,14,"['PurchaseCancellation', 'DisputeIssue', 'CustomerFrustration', 'AgentSupport', 'PositiveExperience', 'IssueUnresolved', 'OutOfScopeRequest']",2025-06-04 20:26:36,1,0,0,0,0,0,0,0,1,0,1,0,0,0,0,0,0,1,0,0,0,0,0,0,0,1,1,0,1,0,0,0,0,0,0,0,0,0
unsolved_20250412_13,<undefined>,<undefined>,False,12,True,True,True,True,28.38299999999999,99.327,31.640000000000004,60.026,16.0,A18,2023-03-04,2024-04-20,L2,AC2,0,0.52,1,2,0,-22.0,CardActivation,12,"['CardActivation', 'AgentSupport', 'CustomerFrustration', 'IssueUnresolved', 'Appreciation', 'InformationRequest', 'SystemOutOfService']",2025-05-19 02:34:51,1,1,0,0,1,0,0,0,1,0,0,0,0,0,1,0,0,1,0,0,0,0,0,0,0,0,0,0,0,0,0,0,0,1,0,0,0,0
unsolved_20250412_14,<undefined>,<undefined>,False,14,True,True,True,True,29.833999999999968,111.798,43.60500000000001,15.019,10.0,A18,2023-03-04,2024-04-20,L2,AC2,3,6.16,0,1,0,,,10,"['TravelUse', 'AssistanceRequest', 'IssueUnresolved', 'CustomerFrustration', 'ProactiveSupport', 'Appreciation', 'AgentSupport', 'LackOfAgentKnowledge']",2025-05-10 14:21:15,1,1,1,0,0,0,0,0,1,0,0,0,0,0,0,0,0,1,1,0,0,0,0,0,0,0,0,1,0,0,0,0,0,0,0,1,0,0
unsolved_20250412_16,<undefined>,<undefined>,False,18,True,True,True,True,29.328000000000053,101.014,34.341,11.088,7.0,A15,2022-11-20,2023-07-21,L4,AC1,9,7.41,0,2,2,,CardActivation,11,"['CardActivation', 'AssistanceRequest', 'IssueUnresolved', 'CustomerFrustration', 'PositiveExperience', 'Appreciation', 'SystemOutOfService']",2025-05-10 12:19:54,0,1,1,0,1,0,0,0,1,0,0,0,0,0,0,0,0,1,0,0,0,0,0,0,0,0,1,0,0,0,0,0,0,1,0,0,0,0
unsolved_20250412_17,<undefined>,<undefined>,False,13,True,True,True,True,41.91800000000002,137.025,38.846,86.129,18.0,A00,2022-01-06,2024-03-16,L1,AC2,5,6.24,0,1,1,,,11,"['TravelUse', 'AssistanceRequest', 'CustomerServiceIssue', 'PositiveExperience', 'IssueUnresolved', 'RequiresAdditionalValidation']",2025-05-09 09:05:26,0,0,1,0,0,0,0,0,0,1,0,0,0,0,0,0,0,1,0,0,0,0,0,0,0,0,1,0,0,1,0,0,0,0,0,1,0,0
unsolved_20250412_18,<undefined>,<undefined>,False,18,True,True,True,True,23.32200000000001,90.905,36.684,46.61099999999999,15.0,A23,2023-08-06,2025-01-22,L1,AC2,7,10.45,2,1,1,,CardActivation,10,"['CardActivation', 'IssueUnresolved', 'AgentSupport', 'CustomerFrustration', 'Appreciation', 'SystemOutOfService']",2025-05-29 09:59:11,1,1,0,0,1,0,0,0,1,0,0,0,0,0,0,0,0,1,0,0,0,0,0,0,0,0,0,0,0,0,0,0,0,1,0,0,0,0
unsolved_20250412_19,<undefined>,<undefined>,False,17,True,True,False,True,38.252,116.694,68.277,5.554,11.0,A21,2022-08-11,2024-09-11,L2,AC1,6,7.46,2,1,0,,FraudActivity,11,"['FraudActivity', 'AssistanceRequest', 'CustomerFrustration', 'IssueUnresolved', 'Escalation', 'CustomerServiceIssue', 'MissingCustomerInformation']",2025-06-01 04:07:49,0,0,1,0,0,0,0,0,1,1,0,1,1,0,0,0,0,1,0,0,0,0,1,0,0,0,0,0,0,0,0,0,0,0,0,0,0,0
unsolved_20250412_2,<undefined>,<undefined>,False,14,True,True,True,True,34.06700000000002,113.741,44.299,64.396,20.0,A39,2022-04-06,2023-03-07,L1,AC1,9,10.51,0,2,0,,FraudActivity,9,"['FraudActivity', 'DisputeIssue', 'AssistanceRequest', 'AgentSupport', 'CustomerFrustration', 'Appreciation', 'IssueUnresolved', 'RequiresAdditionalValidation']",2025-05-24 13:18:41,1,1,1,0,0,0,0,0,1,0,1,0,1,0,0,0,0,1,0,0,0,0,0,0,0,0,0,0,0,1,0,0,0,0,0,0,0,0
unsolved_20250412_20,<undefined>,<undefined>,False,14,True,True,True,True,43.944,137.12500000000003,47.216,18.056,14.0,A07,2021-10-17,2022-03-31,L4,AC3,6,7.83,3,1,0,,FraudActivity,11,"['FraudActivity', 'AssistanceRequest', 'IssueUnresolved', 'CustomerFrustration', 'PositiveExperience', 'AgentSupport', 'Appreciation', 'StillInAnalisis']",2025-05-28 15:30:31,1,1,1,0,0,0,0,0,1,0,0,0,1,0,0,0,0,1,0,0,0,0,0,0,0,0,1,0,0,0,0,1,0,0,0,0,0,0
unsolved_20250412_21,<undefined>,<undefined>,False,16,True,True,True,True,34.613000000000014,112.807,40.077,67.16100000000002,20.0,A30,2022-12-02,2024-10-03,L2,AC4,12,14.04,1,1,0,-29.0,,8,"['TravelUse', 'AssistanceRequest', 'IssueUnresolved', 'CustomerServiceIssue', 'PositiveExperience', 'Appreciation', 'RequiresAdditionalValidation']",2025-05-18 10:58:17,0,1,1,0,0,0,0,0,0,1,0,0,0,0,0,0,0,1,0,0,0,0,0,0,0,0,1,0,0,1,0,0,0,0,0,1,0,0
unsolved_20250412_22,<undefined>,<undefined>,False,13,True,True,True,True,39.22000000000008,104.03199999999998,13.905,57.52499999999999,19.0,A16,2023-04-04,2024-04-17,L4,AC4,0,1.05,0,2,2,-100.0,,8,"['PurchaseCancellation', 'DisputeIssue', 'AssistanceRequest', 'IssueUnresolved', 'CustomerFrustration', 'Appreciation', 'AgentSupport', 'BankPolicyRestriction']",2025-05-13 11:31:19,1,1,1,1,0,0,0,0,1,0,1,0,0,0,0,0,0,1,0,0,0,0,0,0,0,0,0,0,1,0,0,0,0,0,0,0,0,0
unsolved_20250412_23,<undefined>,<undefined>,False,16,True,True,True,True,37.952,112.43800000000002,41.25899999999999,65.94800000000001,16.0,A20,2021-03-22,2022-04-12,L3,AC4,1,0.15,1,0,0,,CardActivation,12,"['CardActivation', 'IssueUnresolved', 'CustomerFrustration', 'AgentSupport', 'Appreciation', 'SystemOutOfService']",2025-05-31 18:45:40,1,1,0,0,1,0,0,0,1,0,0,0,0,0,0,0,0,1,0,0,0,0,0,0,0,0,0,0,0,0,0,0,0,1,0,0,0,0
unsolved_20250412_24,<undefined>,<undefined>,False,14,True,True,True,True,29.376000000000005,123.444,48.652,70.759,14.0,A24,2022-11-15,2023-10-17,L3,AC3,15,14.04,1,0,0,,TravelNotification,12,"['AssistanceRequest', 'TravelNotification', 'CustomerFrustration', 'IssueUnresolved', 'ProactiveSupport', 'Appreciation', 'LackOfAgentKnowledge']",2025-05-24 19:23:28,0,1,1,0,0,0,0,0,1,0,0,0,0,0,0,0,0,1,1,0,0,0,0,0,0,0,0,1,0,0,0,0,0,0,1,0,0,0
unsolved_20250412_25,<undefined>,<undefined>,False,12,True,True,True,True,5.57099999999999,108.487,76.054,32.433,9.0,A22,2022-05-15,2022-07-05,L3,AC4,3,2.63,0,0,0,,CardActivation,12,"['CardActivation', 'AssistanceRequest', 'CustomerFrustration', 'AgentSupport', 'IssueUnresolved', 'Appreciation', 'IncorrectProcedure']",2025-06-05 02:14:52,1,1,1,0,1,0,0,0,1,0,0,0,0,1,0,0,0,1,0,0,0,0,0,0,0,0,0,0,0,0,0,0,0,0,0,0,0,0
unsolved_20250412_26,<undefined>,<undefined>,False,15,True,True,True,True,30.507000000000005,95.751,54.929,3.594,2.0,A18,2023-03-04,2024-04-20,L2,AC2,2,2.16,1,0,0,,,6,"['TravelUse', 'AssistanceRequest', 'IssueUnresolved', 'CustomerFrustration', 'AgentSupport', 'Appreciation', 'IncorrectProcedure']",2025-05-17 15:42:39,1,1,1,0,0,0,0,0,1,0,0,0,0,1,0,0,0,1,0,0,0,0,0,0,0,0,0,0,0,0,0,0,0,0,0,1,0,0
unsolved_20250412_27,<undefined>,<undefined>,False,12,True,True,False,True,29.98499999999998,93.253,37.294,49.76700000000001,15.0,A39,2022-04-06,2023-03-07,L1,AC1,10,12.35,1,0,0,-26.0,CardBlocking,6,"['CardBlocking', 'CustomerFrustration', 'IssueUnresolved', 'AgentSupport', 'Appreciation', 'SystemOutOfService']",2025-05-22 23:39:43,1,1,0,0,0,1,0,0,1,0,0,0,0,0,0,0,0,1,0,0,0,0,0,0,0,0,0,0,0,0,0,0,0,1,0,0,0,0
unsolved_20250412_28,<undefined>,<undefined>,False,12,True,True,True,True,28.38399999999998,93.69,37.023,49.867,15.0,A33,2023-04-18,2024-05-04,L2,AC3,7,7.59,2,2,0,10.0,InformationRequest,9,"['LimitIncrease', 'IssueUnresolved', 'AgentSupport', 'CustomerFrustration', 'Appreciation', 'InformationRequest', 'BankPolicyRestriction']",2025-06-02 09:20:48,1,1,0,1,0,0,0,0,1,0,0,0,0,0,1,0,0,1,0,1,0,0,0,0,0,0,0,0,0,0,0,0,0,0,0,0,0,0
unsolved_20250412_29,<undefined>,<undefined>,False,12,True,True,False,True,64.88499999999998,157.05499999999998,92.694,6.261000000000001,12.0,A29,2022-08-31,2024-11-09,L1,AC2,2,3.93,1,0,0,7.0,FraudActivity,11,"['TravelUse', 'FraudActivity', 'AssistanceRequest', 'IssueUnresolved', 'CustomerFrustration', 'AgentSupport', 'MissingCustomerInformation']",2025-05-31 14:09:33,1,0,1,0,0,0,0,0,1,0,0,0,1,0,0,0,0,1,0,0,0,0,1,0,0,0,0,0,0,0,0,0,0,0,0,1,0,0
unsolved_20250412_3,<undefined>,<undefined>,False,12,True,True,True,True,22.60999999999999,117.638,70.77499999999999,5.654000000000001,4.0,A13,2023-12-30,2024-08-02,L4,AC2,0,0.0,1,1,1,-58.0,LimitIncrease,8,"['LimitIncrease', 'CustomerServiceIssue', 'LoyaltyRecognition', 'Appreciation', 'IssueUnresolved', 'RequiresAdditionalValidation']",2025-05-18 23:53:00,0,1,0,0,0,0,0,0,0,1,0,0,0,0,0,0,0,1,0,1,0,1,0,0,0,0,0,0,0,1,0,0,0,0,0,0,0,0
unsolved_20250412_4,<undefined>,<undefined>,False,12,True,True,True,True,30.442000000000004,111.696,39.369,65.93,15.0,A12,2022-03-24,2024-07-29,L1,AC3,1,2.52,0,0,0,,InformationRequest,11,"['LimitIncrease', 'IssueUnresolved', 'AgentSupport', 'CustomerFrustration', 'Appreciation', 'InformationRequest', 'RequiresAdditionalValidation']",2025-05-25 01:46:05,1,1,0,0,0,0,0,0,1,0,0,0,0,0,1,0,0,1,0,1,0,0,0,0,0,0,0,0,0,1,0,0,0,0,0,0,0,0
unsolved_20250412_5,<undefined>,<undefined>,False,16,True,True,True,True,43.86000000000002,147.82299999999998,48.042,90.94,24.0,A04,2022-08-14,2023-10-30,L4,AC4,3,4.43,2,2,0,-17.0,FraudActivity,8,"['FraudActivity', 'DisputeIssue', 'AssistanceRequest', 'CustomerFrustration', 'AgentSupport', 'IssueUnresolved', 'Appreciation', 'RequiresAdditionalValidation']",2025-05-17 11:53:30,1,1,1,0,0,0,0,0,1,0,1,0,1,0,0,0,0,1,0,0,0,0,0,0,0,0,0,0,0,1,0,0,0,0,0,0,0,0
unsolved_20250412_6,<undefined>,<undefined>,False,14,True,True,True,True,30.678999999999977,113.484,36.162,69.72900000000001,21.0,A27,2022-02-12,2022-08-18,L2,AC3,12,14.31,0,3,0,-41.0,InformationRequest,14,"['PurchaseCancellation', 'CustomerFrustration', 'IssueUnresolved', 'AgentSupport', 'InformationRequest', 'OutOfScopeRequest']",2025-05-31 22:34:19,1,0,0,0,0,0,0,0,1,0,0,0,0,0,1,0,0,1,0,0,0,0,0,0,0,1,0,0,1,0,0,0,0,0,0,0,0,0
unsolved_20250412_7,<undefined>,<undefined>,False,20,True,True,False,True,30.323999999999977,131.608,69.54299999999999,6.244999999999999,7.0,A14,2023-11-04,2024-12-15,L4,AC3,14,17.87,0,0,0,,LimitIncrease,10,"['LimitIncrease', 'IssueUnresolved', 'CustomerFrustration', 'AgentSupport', 'Escalation', 'CustomerServiceIssue', 'BankPolicyRestriction']",2025-05-20 01:19:08,1,0,0,1,0,0,0,0,1,1,0,1,0,0,0,0,0,1,0,1,0,0,0,0,0,0,0,0,0,0,0,0,0,0,0,0,0,0
unsolved_20250412_8,<undefined>,<undefined>,False,17,True,True,True,True,30.105,132.84,7.037,3.155,4.0,A44,2023-08-22,2025-02-09,L3,AC1,0,1.97,1,2,0,,TravelNotification,10,"['AssistanceRequest', 'TravelNotification', 'IssueUnresolved', 'CustomerFrustration', 'AgentSupport', 'Appreciation', 'IncorrectProcedure']",2025-05-13 13:29:11,1,1,1,0,0,0,0,0,1,0,0,0,0,1,0,0,0,1,0,0,0,0,0,0,0,0,0,0,0,0,0,0,0,0,1,0,0,0
unsolved_20250412_9,<undefined>,<undefined>,False,15,True,True,True,True,12.858999999999993,122.664,87.953,34.711000000000006,10.0,A32,2022-06-09,2023-07-01,L3,AC2,0,0.0,1,0,0,,CardBlocking,10,"['CardBlocking', 'FraudActivity', 'AssistanceRequest', 'IssueUnresolved', 'AgentSupport', 'CustomerFrustration', 'PositiveExperience', 'InformationRequest', 'SystemOutOfService']",2025-05-30 14:09:14,1,0,1,0,0,1,0,0,1,0,0,0,1,0,1,0,0,1,0,0,0,0,0,0,0,0,1,0,0,0,0,0,0,1,0,0,0,0
unsolved_20250607_0,<undefined>,<undefined>,False,12,True,True,True,True,20.789999999999964,111.69499999999998,75.619,5.635,5.0,A16,2023-04-04,2024-04-17,L4,AC4,4,3.62,0,2,0,,FraudActivity,6,"['FraudActivity', 'DisputeIssue', 'AssistanceRequest', 'IssueUnresolved', 'AgentSupport', 'Appreciation', 'StillInAnalisis']",2025-05-31 19:12:44,1,1,1,0,0,0,0,0,0,0,1,0,1,0,0,0,0,1,0,0,0,0,0,0,0,0,0,0,0,0,0,1,0,0,0,0,0,0
unsolved_20250607_1,<undefined>,<undefined>,False,12,True,True,True,True,14.075999999999992,99.948,66.78899999999999,33.159,10.0,A19,2023-08-02,2023-09-01,L3,AC2,12,11.83,2,0,0,,,12,"['PurchaseCancellation', 'CustomerFrustration', 'AgentSupport', 'IssueUnresolved', 'AssistanceRequest', 'Appreciation', 'LackOfAgentKnowledge']",2025-05-10 10:33:57,1,1,1,0,0,0,0,0,1,0,0,0,0,0,0,0,0,1,1,0,0,0,0,0,0,0,0,0,1,0,0,0,0,0,0,0,0,0
unsolved_20250607_10,<undefined>,<undefined>,False,12,True,True,True,True,15.440999999999974,108.067,69.136,38.931,10.0,A28,2022-12-02,2023-02-15,L4,AC3,7,11.46,2,2,0,,LimitIncrease,9,"['LimitIncrease', 'IssueUnresolved', 'AgentSupport', 'CustomerFrustration', 'Appreciation', 'MissingCustomerInformation']",2025-05-11 17:14:38,1,1,0,0,0,0,0,0,1,0,0,0,0,0,0,0,0,1,0,1,0,0,1,0,0,0,0,0,0,0,0,0,0,0,0,0,0,0
unsolved_20250607_11,<undefined>,<undefined>,False,20,True,True,False,True,44.78600000000005,129.043,41.142,77.52199999999999,21.0,A15,2022-11-20,2023-07-21,L4,AC1,8,10.29,0,0,0,,,11,"['PurchaseCancellation', 'DisputeIssue', 'IssueUnresolved', 'CustomerFrustration', 'AgentSupport', 'BankPolicyRestriction']",2025-05-15 12:21:58,1,0,0,1,0,0,0,0,1,0,1,0,0,0,0,0,0,1,0,0,0,0,0,0,0,0,0,0,1,0,0,0,0,0,0,0,0,0
unsolved_20250607_12,<undefined>,<undefined>,False,14,True,True,True,True,25.143,96.695,58.37100000000001,16.250999999999998,8.0,A22,2022-05-15,2022-07-05,L3,AC4,12,13.93,0,1,0,-31.0,CardActivation,13,"['CardActivation', 'FraudActivity', 'AssistanceRequest', 'IssueUnresolved', 'CustomerServiceIssue', 'Appreciation', 'AgentSupport', 'SystemOutOfService']",2025-06-06 16:30:18,1,1,1,0,1,0,0,0,0,1,0,0,1,0,0,0,0,1,0,0,0,0,0,0,0,0,0,0,0,0,0,0,0,1,0,0,0,0
unsolved_20250607_14,<undefined>,<undefined>,False,12,True,True,True,True,28.63599999999998,114.27799999999998,37.8,65.863,24.0,A00,2022-01-06,2024-03-16,L1,AC2,13,20.0,1,1,1,,LimitIncrease,5,"['LimitIncrease', 'IssueUnresolved', 'AgentSupport', 'Appreciation', 'PositiveExperience', 'MissingCustomerInformation']",2025-05-18 16:22:58,1,1,0,0,0,0,0,0,0,0,0,0,0,0,0,0,0,1,0,1,0,0,1,0,0,0,1,0,0,0,0,0,0,0,0,0,0,0
unsolved_20250607_15,<undefined>,<undefined>,False,15,True,True,True,True,25.175999999999988,101.471,31.641,66.45500000000001,18.0,A14,2023-11-04,2024-12-15,L4,AC3,9,12.72,0,0,0,,InformationRequest,10,"['LimitIncrease', 'IssueUnresolved', 'AgentSupport', 'Appreciation', 'CustomerFrustration', 'InformationRequest', 'MissingCustomerInformation']",2025-05-10 14:09:01,1,1,0,0,0,0,0,0,1,0,0,0,0,0,1,0,0,1,0,1,0,0,1,0,0,0,0,0,0,0,0,0,0,0,0,0,0,0
unsolved_20250607_16,<undefined>,<undefined>,False,15,True,True,True,True,24.85800000000005,117.416,70.82400000000001,11.677,6.0,A14,2023-11-04,2024-12-15,L4,AC3,11,13.91,1,0,0,,FraudActivity,6,"['FraudActivity', 'AssistanceRequest', 'CustomerFrustration', 'IssueUnresolved', 'AgentSupport', 'Appreciation', 'MissingCustomerInformation']",2025-06-05 03:28:18,1,1,1,0,0,0,0,0,1,0,0,0,1,0,0,0,0,1,0,0,0,0,1,0,0,0,0,0,0,0,0,0,0,0,0,0,0,0
unsolved_20250607_17,<undefined>,<undefined>,False,15,True,True,True,True,25.30900000000004,100.849,63.29899999999999,6.431,8.0,A18,2023-03-04,2024-04-20,L2,AC2,18,20.0,2,0,0,,,8,"['TravelUse', 'IssueUnresolved', 'AgentSupport', 'CustomerFrustration', 'Appreciation', 'ResponsibleDepartmentUnavailable']",2025-05-25 13:26:55,1,1,0,0,0,0,0,0,1,0,0,0,0,0,0,0,0,1,0,0,0,0,0,0,0,0,0,0,0,0,1,0,0,0,0,1,0,0
unsolved_20250607_18,<undefined>,<undefined>,False,17,True,True,True,True,21.22799999999997,110.717,32.822,8.388000000000002,5.0,A04,2022-08-14,2023-10-30,L4,AC4,5,3.85,0,0,0,,CardActivation,11,"['CardActivation', 'IssueUnresolved', 'CustomerFrustration', 'AgentSupport', 'Appreciation', 'SystemOutOfService']",2025-05-19 13:25:06,1,1,0,0,1,0,0,0,1,0,0,0,0,0,0,0,0,1,0,0,0,0,0,0,0,0,0,0,0,0,0,0,0,1,0,0,0,0
unsolved_20250607_19,<undefined>,<undefined>,False,12,True,True,False,True,17.331999999999976,106.446,68.19,38.256,9.0,A05,2022-08-14,2024-11-30,L1,AC4,14,11.81,0,1,0,,,13,"['DisputeIssue', 'CustomerFrustration', 'IssueUnresolved', 'AgentSupport', 'OutOfScopeRequest']",2025-05-14 02:24:41,1,0,0,0,0,0,0,0,1,0,1,0,0,0,0,0,0,1,0,0,0,0,0,0,0,1,0,0,0,0,0,0,0,0,0,0,0,0
unsolved_20250607_2,<undefined>,<undefined>,False,12,True,True,True,True,9.938999999999998,121.196,87.64999999999999,33.546,10.0,A26,2023-05-16,2025-01-29,L3,AC3,20,20.0,0,0,0,,CardActivation,12,"['CardActivation', 'IssueUnresolved', 'CustomerFrustration', 'AgentSupport', 'Appreciation', 'SystemOutOfService']",2025-05-18 11:07:29,1,1,0,0,1,0,0,0,1,0,0,0,0,0,0,0,0,1,0,0,0,0,0,0,0,0,0,0,0,0,0,0,0,1,0,0,0,0
unsolved_20250607_22,<undefined>,<undefined>,False,15,True,True,True,True,34.962,115.664,37.63199999999999,70.36999999999999,20.0,A14,2023-11-04,2024-12-15,L4,AC3,1,2.91,0,0,0,,FraudActivity,11,"['FraudActivity', 'DisputeIssue', 'AssistanceRequest', 'SystemIssue', 'IssueUnresolved', 'Appreciation', 'CustomerFrustration', 'RequiresAdditionalValidation']",2025-05-24 08:49:08,0,1,1,0,0,0,0,0,1,0,1,0,1,0,0,0,0,1,0,0,0,0,0,0,0,0,0,0,0,1,0,0,1,0,0,0,0,0
unsolved_20250607_23,<undefined>,<undefined>,False,14,True,True,False,True,30.339000000000016,128.82600000000002,54.101,9.653,8.0,A44,2023-08-22,2025-02-09,L3,AC1,5,4.69,1,0,0,,LimitIncrease,13,"['LimitIncrease', 'CustomerFrustration', 'IssueUnresolved', 'AgentSupport', 'Escalation', 'CustomerServiceIssue', 'RequiresAdditionalValidation']",2025-06-01 09:06:52,1,0,0,0,0,0,0,0,1,1,0,1,0,0,0,0,0,1,0,1,0,0,0,0,0,0,0,0,0,1,0,0,0,0,0,0,0,0
unsolved_20250607_24,<undefined>,<undefined>,True,13,True,True,True,True,13.973000000000043,123.828,80.67899999999999,43.149,11.0,A02,2021-11-22,2023-12-09,L3,AC1,9,16.69,4,2,1,,InformationRequest,1,"['TravelUse', 'InformationRequest', 'AssistanceRequest', 'LowEffortSupport', 'Appreciation', 'IssueResolved']",2025-06-01 15:50:40,0,1,1,0,0,0,0,0,0,0,0,0,0,0,1,0,1,0,0,0,1,0,0,0,0,0,0,0,0,0,0,0,0,0,0,1,0,0
unsolved_20250607_25,<undefined>,<undefined>,True,15,True,True,True,True,30.628000000000004,102.381,26.224,68.547,21.0,A25,2022-05-02,2024-05-03,L4,AC4,15,20.0,3,0,0,64.0,CardBlocking,4,"['CardBlocking', 'FraudActivity', 'DisputeIssue', 'AssistanceRequest', 'IssueResolved', 'PositiveExperience', 'AgentSupport', 'Appreciation']",2025-05-10 00:11:37,1,1,1,0,0,1,0,0,0,0,1,0,1,0,0,0,1,0,0,0,0,0,0,0,0,0,1,0,0,0,0,0,0,0,0,0,0,0
unsolved_20250607_26,<undefined>,<undefined>,False,16,True,True,True,True,9.429999999999993,104.679,28.046,76.633,16.0,A38,2023-07-08,2024-09-26,L3,AC4,12,10.91,0,0,0,,CardActivation,11,"['CardActivation', 'AssistanceRequest', 'CustomerFrustration', 'IssueUnresolved', 'AgentSupport', 'Appreciation', 'SystemOutOfService']",2025-05-20 14:03:12,1,1,1,0,1,0,0,0,1,0,0,0,0,0,0,0,0,1,0,0,0,0,0,0,0,0,0,0,0,0,0,0,0,1,0,0,0,0
unsolved_20250607_27,<undefined>,<undefined>,False,17,True,True,True,True,23.572000000000003,118.364,7.795999999999999,70.421,18.0,A18,2023-03-04,2024-04-20,L2,AC2,11,17.11,3,0,0,,CardActivation,7,"['CardActivation', 'IssueUnresolved', 'AssistanceRequest', 'AgentSupport', 'Appreciation', 'CustomerFrustration', 'IncorrectProcedure']",2025-05-31 16:36:46,1,1,1,0,1,0,0,0,1,0,0,0,0,1,0,0,0,1,0,0,0,0,0,0,0,0,0,0,0,0,0,0,0,0,0,0,0,0
unsolved_20250607_28,<undefined>,<undefined>,False,12,True,True,True,True,9.248000000000031,117.12799999999996,30.982,86.146,17.0,A09,2021-12-24,2023-07-12,L1,AC1,1,3.18,0,0,0,,CardActivation,13,"['CardActivation', 'CustomerFrustration', 'IssueUnresolved', 'AgentSupport', 'AssistanceRequest', 'IncorrectProcedure']",2025-06-08 09:54:01,1,0,1,0,1,0,0,0,1,0,0,0,0,1,0,0,0,1,0,0,0,0,0,0,0,0,0,0,0,0,0,0,0,0,0,0,0,0
unsolved_20250607_29,<undefined>,<undefined>,False,14,True,True,True,True,10.814999999999998,124.117,86.43500000000002,37.682,13.0,A36,2022-04-03,2024-10-03,L1,AC1,13,20.0,1,2,0,,InformationRequest,14,"['CardCancellation', 'IssuResolved', 'AssistanceRequest', 'CustomerFrustration', 'AgentSupport', 'PositiveExperience', 'InformationRequest', 'Appreciation', 'BankPolicyRestriction']",2025-05-20 11:32:33,1,1,1,1,0,0,1,0,1,0,0,0,0,0,1,1,0,0,0,0,0,0,0,0,0,0,1,0,0,0,0,0,0,0,0,0,0,0
unsolved_20250607_3,<undefined>,<undefined>,False,15,True,True,True,True,23.756999999999987,112.593,68.954,7.780000000000001,6.0,A14,2023-11-04,2024-12-15,L4,AC3,4,3.98,2,0,0,,,11,"['PurchaseCancellation', 'IssueUnresolved', 'CustomerFrustration', 'AgentSupport', 'Appreciation', 'OutOfScopeRequest']",2025-05-17 09:15:39,1,1,0,0,0,0,0,0,1,0,0,0,0,0,0,0,0,1,0,0,0,0,0,0,0,1,0,0,1,0,0,0,0,0,0,0,0,0
unsolved_20250607_4,<undefined>,<undefined>,False,12,True,True,True,True,12.24899999999998,110.804,78.049,32.754999999999995,11.0,A45,2023-01-06,2023-11-10,L4,AC4,19,20.0,0,0,0,,CardActivation,5,"['CardActivation', 'IssueUnresolved', 'CustomerFrustration', 'AgentSupport', 'AssistanceRequest', 'IncorrectProcedure']",2025-05-17 14:38:13,1,0,1,0,1,0,0,0,1,0,0,0,0,1,0,0,0,1,0,0,0,0,0,0,0,0,0,0,0,0,0,0,0,0,0,0,0,0
unsolved_20250607_5,<undefined>,<undefined>,False,12,True,True,True,True,26.00299999999997,99.209,31.032,62.541,17.0,A06,2021-02-16,2024-07-14,L1,AC2,2,3.1,1,1,0,-66.0,LimitIncrease,15,"['LimitIncrease', 'IssueUnresolved', 'AgentSupport', 'Appreciation', 'CustomerFrustration', 'MissingCustomerInformation']",2025-05-11 17:47:01,1,1,0,0,0,0,0,0,1,0,0,0,0,0,0,0,0,1,0,1,0,0,1,0,0,0,0,0,0,0,0,0,0,0,0,0,0,0
unsolved_20250607_6,<undefined>,<undefined>,False,13,True,True,True,True,34.82799999999993,113.115,36.48499999999999,71.483,20.0,A00,2022-01-06,2024-03-16,L1,AC2,8,10.42,2,1,1,,CardActivation,9,"['CardActivation', 'IssueUnresolved', 'AssistanceRequest', 'CustomerFrustration', 'AgentSupport', 'Appreciation', 'RequiresAdditionalValidation']",2025-05-14 05:51:44,1,1,1,0,1,0,0,0,1,0,0,0,0,0,0,0,0,1,0,0,0,0,0,0,0,0,0,0,0,1,0,0,0,0,0,0,0,0
unsolved_20250607_7,<undefined>,<undefined>,False,18,True,True,True,True,35.216999999999985,106.365,61.78,3.19,5.0,A16,2023-04-04,2024-04-17,L4,AC4,13,19.39,0,0,0,,CardActivation,10,"['CardActivation', 'AssistanceRequest', 'IssueUnresolved', 'AgentSupport', 'CustomerFrustration', 'Appreciation', 'SystemOutOfService']",2025-05-25 21:43:58,1,1,1,0,1,0,0,0,1,0,0,0,0,0,0,0,0,1,0,0,0,0,0,0,0,0,0,0,0,0,0,0,0,1,0,0,0,0
unsolved_20250607_8,<undefined>,<undefined>,False,12,True,True,True,True,21.05599999999996,111.885,71.637,6.041,4.0,A06,2021-02-16,2024-07-14,L1,AC2,19,20.0,1,1,0,6.0,CardIssue,12,"['CardIssue', 'InformationRequest', 'CustomerFrustration', 'AssistanceRequest', 'IssueUnresolved', 'AgentSupport', 'PositiveExperience', 'LackOfAgentKnowledge']",2025-05-29 16:22:28,1,0,1,0,0,0,0,1,1,0,0,0,0,0,1,0,0,1,1,0,0,0,0,0,0,0,1,0,0,0,0,0,0,0,0,0,0,0
unsolved_20250607_9,<undefined>,<undefined>,False,14,True,True,True,True,12.116999999999994,95.394,61.289,34.105000000000004,10.0,A36,2022-04-03,2024-10-03,L1,AC1,6,7.52,2,2,0,,,9,"['DisputeIssue', 'AssistanceRequest', 'CustomerFrustration', 'IssueUnresolved', 'Appreciation', 'AgentSupport', 'SystemOutOfService']",2025-06-04 03:41:34,1,1,1,0,0,0,0,0,1,0,1,0,0,0,0,0,0,1,0,0,0,0,0,0,0,0,0,0,0,0,0,0,0,1,0,0,0,0
unsolved_generated_call_0,<undefined>,<undefined>,False,20,True,True,False,True,23.152000000000022,113.04599999999998,76.34199999999998,36.704,10.0,A15,2022-11-20,2023-07-21,L4,AC1,11,15.16,0,0,0,-11.0,CardActivation,11,"['CardActivation', 'AssistanceRequest', 'CustomerFrustration', 'IssueUnresolved', 'AgentSupport', 'NegativeExperience', 'IncorrectProcedure']",2025-05-25 19:43:31,1,0,1,0,1,0,0,0,1,0,0,0,0,1,0,0,0,1,0,0,0,0,0,1,0,0,0,0,0,0,0,0,0,0,0,0,0,0
unsolved_generated_call_1,<undefined>,<undefined>,False,15,True,True,False,True,23.356,126.68,43.35,74.876,20.0,A33,2023-04-18,2024-05-04,L2,AC3,11,15.88,0,1,1,,CardBlocking,12,"['FraudActivity', 'CardBlocking', 'CustomerFrustration', 'CustomerServiceIssue', 'AssistanceRequest', 'IssueUnresolved', 'RequiresAdditionalValidation']",2025-05-12 13:24:58,0,0,1,0,0,1,0,0,1,1,0,0,1,0,0,0,0,1,0,0,0,0,0,0,0,0,0,0,0,1,0,0,0,0,0,0,0,0
unsolved_generated_call_10,<undefined>,<undefined>,False,16,True,True,False,True,38.67599999999996,116.034,41.29299999999999,59.823,18.0,A18,2023-03-04,2024-04-20,L2,AC2,19,20.0,0,1,0,,CardActivation,10,"['CardActivation', 'IssueUnresolved', 'CustomerFrustration', 'AgentSupport', 'AssistanceRequest', 'RequiresAdditionalValidation']",2025-05-19 18:02:03,1,0,1,0,1,0,0,0,1,0,0,0,0,0,0,0,0,1,0,0,0,0,0,0,0,0,0,0,0,1,0,0,0,0,0,0,0,0
unsolved_generated_call_11,<undefined>,<undefined>,False,14,True,True,False,True,36.163,114.125,20.198,51.48499999999999,22.0,A25,2022-05-02,2024-05-03,L4,AC4,11,10.51,1,0,0,42.0,CardActivation,10,"['CardActivation', 'VerificationIssue', 'CustomerFrustration', 'CustomerServiceIssue', 'IssueUnresolved', 'NoSystemPermission']",2025-05-24 12:58:56,0,0,0,0,1,0,0,0,1,1,0,0,0,0,0,0,0,1,0,0,0,0,0,0,1,0,0,0,0,0,0,0,0,0,0,0,1,0
unsolved_generated_call_12,<undefined>,<undefined>,False,17,True,False,False,True,42.576999999999984,102.64900000000002,31.083,61.577,19.0,A26,2023-05-16,2025-01-29,L3,AC3,5,6.58,1,0,0,-24.0,LimitIncrease,11,"['LimitIncrease', 'IssueUnresolved', 'CustomerFrustration', 'AgentSupport', 'CustomerServiceIssue', 'Appreciation', 'RequiresAdditionalValidation']",2025-06-05 14:19:03,1,1,0,0,0,0,0,0,1,1,0,0,0,0,0,0,0,1,0,1,0,0,0,0,0,0,0,0,0,1,0,0,0,0,0,0,0,0
unsolved_generated_call_14,<undefined>,<undefined>,False,15,True,True,False,True,26.28999999999998,95.97,33.279,57.813,17.0,A22,2022-05-15,2022-07-05,L3,AC4,0,1.08,2,0,0,,FraudActivity,8,"['FraudActivity', 'DisputeIssue', 'CustomerFrustration', 'CustomerServiceIssue', 'AssistanceRequest', 'IssueUnresolved', 'RequiresAdditionalValidation']",2025-05-11 09:08:54,0,0,1,0,0,0,0,0,1,1,1,0,1,0,0,0,0,1,0,0,0,0,0,0,0,0,0,0,0,1,0,0,0,0,0,0,0,0
unsolved_generated_call_2,<undefined>,<undefined>,False,18,True,True,False,True,9.737000000000004,178.47,128.15,50.32,13.0,A21,2022-08-11,2024-09-11,L2,AC1,1,0.4,2,2,0,-20.0,CardActivation,9,"['CardActivation', 'CustomerFrustration', 'IssueUnresolved', 'AgentSupport', 'IncorrectProcedure']",2025-05-11 18:53:38,1,0,0,0,1,0,0,0,1,0,0,0,0,1,0,0,0,1,0,0,0,0,0,0,0,0,0,0,0,0,0,0,0,0,0,0,0,0
unsolved_generated_call_3,<undefined>,<undefined>,False,14,True,True,False,True,47.12999999999995,116.034,47.99100000000001,15.037000000000004,12.0,A35,2023-06-06,2024-11-13,L4,AC4,19,20.0,0,6,0,,CardActivation,9,"['CardActivation', 'IssueUnresolved', 'CustomerFrustration', 'AgentSupport', 'Escalation', 'SystemOutOfService']",2025-05-10 09:40:26,1,0,0,0,1,0,0,0,1,0,0,1,0,0,0,0,0,1,0,0,0,0,0,0,0,0,0,0,0,0,0,0,0,1,0,0,0,0
unsolved_generated_call_4,<undefined>,<undefined>,False,12,True,True,False,True,11.778000000000034,128.89200000000002,88.609,40.283,12.0,A18,2023-03-04,2024-04-20,L2,AC2,12,12.05,2,1,0,,CardIssue,11,"['CardIssue', 'CustomerFrustration', 'IssueUnresolved', 'AgentSupport', 'Appreciation', 'StillInAnalisis']",2025-05-25 11:46:44,1,1,0,0,0,0,0,1,1,0,0,0,0,0,0,0,0,1,0,0,0,0,0,0,0,0,0,0,0,0,0,1,0,0,0,0,0,0
unsolved_generated_call_6,<undefined>,<undefined>,False,14,True,True,False,True,36.43699999999998,108.08099999999996,49.475,14.361,9.0,A23,2023-08-06,2025-01-22,L1,AC2,7,9.67,0,0,0,,CardActivation,15,"['CardActivation', 'CustomerFrustration', 'IssueUnresolved', 'AgentSupport', 'AssistanceRequest', 'InformationRequest', 'SystemOutOfService']",2025-05-10 16:47:25,1,0,1,0,1,0,0,0,1,0,0,0,0,0,1,0,0,1,0,0,0,0,0,0,0,0,0,0,0,0,0,0,0,1,0,0,0,0
unsolved_generated_call_8,<undefined>,<undefined>,False,17,True,True,False,True,24.975,120.96,14.09,57.055,19.0,A16,2023-04-04,2024-04-17,L4,AC4,2,3.53,1,1,1,,CardActivation,7,"['CardActivation', 'CustomerFrustration', 'CustomerServiceIssue', 'IssueUnresolved', 'AgentSupport', 'Appreciation', 'SystemOutOfService']",2025-05-17 08:40:25,1,1,0,0,1,0,0,0,1,1,0,0,0,0,0,0,0,1,0,0,0,0,0,0,0,0,0,0,0,0,0,0,0,1,0,0,0,0
unsolved_generated_call_9,<undefined>,<undefined>,False,18,True,True,False,True,44.80200000000005,130.14100000000002,45.377,78.722,21.0,A28,2022-12-02,2023-02-15,L4,AC3,4,7.66,0,1,1,,CardActivation,12,"['CardActivation', 'FraudActivity', 'CardBlocking', 'CustomerFrustration', 'AssistanceRequest', 'IssueUnresolved', 'AgentSupport', 'CustomerServiceIssue', 'NoSystemPermission']",2025-05-31 18:21:00,1,0,1,0,1,1,0,0,1,1,0,0,1,0,0,0,0,1,0,0,0,0,0,0,1,0,0,0,0,0,0,0,0,0,0,0,0,0
